[{"pk": 1, "model": "contenttypes.contenttype", "fields": {"model": "profile", "app_label": "profiles"}}, {"pk": 2, "model": "contenttypes.contenttype", "fields": {"model": "report", "app_label": "reports"}}, {"pk": 3, "model": "contenttypes.contenttype", "fields": {"model": "logentry", "app_label": "admin"}}, {"pk": 4, "model": "contenttypes.contenttype", "fields": {"model": "permission", "app_label": "auth"}}, {"pk": 5, "model": "contenttypes.contenttype", "fields": {"model": "group", "app_label": "auth"}}, {"pk": 6, "model": "contenttypes.contenttype", "fields": {"model": "contenttype", "app_label": "contenttypes"}}, {"pk": 7, "model": "contenttypes.contenttype", "fields": {"model": "session", "app_label": "sessions"}}, {"pk": 8, "model": "contenttypes.contenttype", "fields": {"model": "site", "app_label": "sites"}}, {"pk": 9, "model": "contenttypes.contenttype", "fields": {"model": "emailaddress", "app_label": "account"}}, {"pk": 10, "model": "contenttypes.contenttype", "fields": {"model": "emailconfirmation", "app_label": "account"}}, {"pk": 11, "model": "contenttypes.contenttype", "fields": {"model": "socialapp", "app_label": "socialaccount"}}, {"pk": 12, "model": "contenttypes.contenttype", "fields": {"model": "socialaccount", "app_label": "socialaccount"}}, {"pk": 13, "model": "contenttypes.contenttype", "fields": {"model": "socialtoken", "app_label": "socialaccount"}}, {"pk": 14, "model": "contenttypes.contenttype", "fields": {"model": "tag", "app_label": "taggit"}}, {"pk": 15, "model": "contenttypes.contenttype", "fields": {"model": "taggeditem", "app_label": "taggit"}}, {"pk": 16, "model": "contenttypes.contenttype", "fields": {"model": "vouch", "app_label": "projects"}}, {"pk": 17, "model": "contenttypes.contenttype", "fields": {"model": "project", "app_label": "projects"}}, {"pk": 18, "model": "contenttypes.contenttype", "fields": {"model": "submission", "app_label": "projects"}}, {"pk": 19, "model": "contenttypes.contenttype", "fields": {"model": "revision", "app_label": "reversion"}}, {"pk": 20, "model": "contenttypes.contenttype", "fields": {"model": "version", "app_label": "reversion"}}, {"pk": "0dklwmmalqrf63eqjik0mw4t46ib7ndz", "model": "sessions.session", "fields": {"session_data": "MTRhNzE4ODI1YTg4NTQ5MmRmMWM5MGJiNDFlZWNmNWMzNjA4ZDRiZjp7Il9hdXRoX3VzZXJfaWQiOiIyIiwiX2F1dGhfdXNlcl9oYXNoIjoiZTAxNDdhODRhOWEyYjY3ZGU0MjIzNWU5YWRlZTZmZDVlZGY0ZDI5ZSIsIl9hdXRoX3VzZXJfYmFja2VuZCI6ImRqYW5nby5jb250cmliLmF1dGguYmFja2VuZHMuTW9kZWxCYWNrZW5kIiwiX3Nlc3Npb25fZXhwaXJ5IjowfQ==", "expire_date": "2015-07-06T18:08:08.496Z"}}, {"pk": "2davae5hm1igjqpuoxf3wxpsx0uriytl", "model": "sessions.session", "fields": {"session_data": "N2VjODc0Yzk2NmE5MGY5MjkzNzQxYzA5MjZkOTc5ZWZkODM3MjY5ODp7Il9hdXRoX3VzZXJfYmFja2VuZCI6ImFsbGF1dGguYWNjb3VudC5hdXRoX2JhY2tlbmRzLkF1dGhlbnRpY2F0aW9uQmFja2VuZCIsImFjY291bnRfdmVyaWZpZWRfZW1haWwiOm51bGwsIl9hdXRoX3VzZXJfaWQiOiI0IiwiX2F1dGhfdXNlcl9oYXNoIjoiZGM4MDdlNzM4NzZjYTEwMGM5ODY2NTk4ZjhjMTNiMzk4MDA3MTc4MiJ9", "expire_date": "2015-07-06T15:21:42.523Z"}}, {"pk": "5vlj6zl09jk12e7na4eh1owptovaa5bu", "model": "sessions.session", "fields": {"session_data": "NmY0ZGExMjVmMjBhNjE4NDk2MmViOGFiNjI2ZDY3MWIzNGZhMjA0NDp7Il9hdXRoX3VzZXJfYmFja2VuZCI6ImRqYW5nby5jb250cmliLmF1dGguYmFja2VuZHMuTW9kZWxCYWNrZW5kIiwiX2F1dGhfdXNlcl9oYXNoIjoiZTAxNDdhODRhOWEyYjY3ZGU0MjIzNWU5YWRlZTZmZDVlZGY0ZDI5ZSIsIl9hdXRoX3VzZXJfaWQiOiIyIiwiX3Nlc3Npb25fZXhwaXJ5IjowfQ==", "expire_date": "2015-07-06T22:15:53.885Z"}}, {"pk": "5vvaiiuuv53mt66l5q6eb6a44mu8wra3", "model": "sessions.session", "fields": {"session_data": "NzZmOTUyYThlMzdmODA5M2U0YmQ0MmU3MGZiZTk1NjQyMzdkNWFkYjp7Il9hdXRoX3VzZXJfYmFja2VuZCI6ImRqYW5nby5jb250cmliLmF1dGguYmFja2VuZHMuTW9kZWxCYWNrZW5kIiwiX3Nlc3Npb25fZXhwaXJ5IjowLCJfYXV0aF91c2VyX2lkIjoiMiIsIl9hdXRoX3VzZXJfaGFzaCI6ImUwMTQ3YTg0YTlhMmI2N2RlNDIyMzVlOWFkZWU2ZmQ1ZWRmNGQyOWUifQ==", "expire_date": "2015-07-13T04:38:09.392Z"}}, {"pk": "8wzhw6dng0oamq6lb4soed71by5xol4g", "model": "sessions.session", "fields": {"session_data": "ZTMwMjdmNTQ4ZGI1MWU4NGQzYmRjZDkxYzBjMzk2Y2E1NzVjODBiOTp7Il9hdXRoX3VzZXJfaWQiOiIyIiwiX2F1dGhfdXNlcl9iYWNrZW5kIjoiZGphbmdvLmNvbnRyaWIuYXV0aC5iYWNrZW5kcy5Nb2RlbEJhY2tlbmQiLCJfc2Vzc2lvbl9leHBpcnkiOjAsIl9hdXRoX3VzZXJfaGFzaCI6ImUwMTQ3YTg0YTlhMmI2N2RlNDIyMzVlOWFkZWU2ZmQ1ZWRmNGQyOWUifQ==", "expire_date": "2015-07-10T02:40:06.637Z"}}, {"pk": "ejonqi15pwu7qenqron5t5bobbudoqu5", "model": "sessions.session", "fields": {"session_data": "NmQ5ZDhhY2Q1NDAyYzdmOWNjYjVhNGRmZjRlNDlkMTRmMTRiZDYwNjp7ImFjY291bnRfdXNlciI6MywiYWNjb3VudF92ZXJpZmllZF9lbWFpbCI6bnVsbH0=", "expire_date": "2015-07-06T18:07:43.937Z"}}, {"pk": "kx53kxwrvb24n9ae9mvca0jgkjy2vp2i", "model": "sessions.session", "fields": {"session_data": "ZWVjOTUwOTZiNmMxMzUxYzMzMDhkZGM3NmVlODQyMTQ3NTZmNDk2Zjp7Il9hdXRoX3VzZXJfaGFzaCI6ImUwMTQ3YTg0YTlhMmI2N2RlNDIyMzVlOWFkZWU2ZmQ1ZWRmNGQyOWUiLCJfYXV0aF91c2VyX2lkIjoiMiIsIl9zZXNzaW9uX2V4cGlyeSI6MCwiX2F1dGhfdXNlcl9iYWNrZW5kIjoiZGphbmdvLmNvbnRyaWIuYXV0aC5iYWNrZW5kcy5Nb2RlbEJhY2tlbmQifQ==", "expire_date": "2015-07-08T04:16:14.903Z"}}, {"pk": "qrmxusfsp53y38arkvbpz6rcifo1anel", "model": "sessions.session", "fields": {"session_data": "YTgwMTk3MWMyYjU4ZWRjNTRlMmNlNmEyZTQyMzczNDAwOTcwOGU0Yjp7Il9hdXRoX3VzZXJfaWQiOiIyIiwiX2F1dGhfdXNlcl9iYWNrZW5kIjoiZGphbmdvLmNvbnRyaWIuYXV0aC5iYWNrZW5kcy5Nb2RlbEJhY2tlbmQiLCJfYXV0aF91c2VyX2hhc2giOiJlMDE0N2E4NGE5YTJiNjdkZTQyMjM1ZTlhZGVlNmZkNWVkZjRkMjllIiwiX3Nlc3Npb25fZXhwaXJ5IjowfQ==", "expire_date": "2015-07-09T03:58:33.677Z"}}, {"pk": "v7lch7b1qvzoiobhtolchb5r9dyxk2ex", "model": "sessions.session", "fields": {"session_data": "YWJjMGMxMzRiZmE4MTc3YjVlNjg2Yjk5ZDRhNmE3NDQ0OTdiMWU4MDp7Il9zZXNzaW9uX2V4cGlyeSI6MCwiX2F1dGhfdXNlcl9iYWNrZW5kIjoiZGphbmdvLmNvbnRyaWIuYXV0aC5iYWNrZW5kcy5Nb2RlbEJhY2tlbmQiLCJfYXV0aF91c2VyX2lkIjoiMSIsIl9hdXRoX3VzZXJfaGFzaCI6IjlkMDkzN2RmMGQxMDZhM2M1Y2VmODViMTRjODc0YmE2Yzk2NmZkYTgifQ==", "expire_date": "2015-07-11T03:32:40.070Z"}}, {"pk": "vchq7fj3wi2dqhcqgwsbke7nehh3mmjh", "model": "sessions.session", "fields": {"session_data": "NGZhNjIyNzk5YmViOTQ1Njc0OWNmOWRjMzJlNmFkZjBjM2Y0OWE4ZTp7Il9hdXRoX3VzZXJfYmFja2VuZCI6ImRqYW5nby5jb250cmliLmF1dGguYmFja2VuZHMuTW9kZWxCYWNrZW5kIiwiX2F1dGhfdXNlcl9pZCI6IjIiLCJfc2Vzc2lvbl9leHBpcnkiOjAsIl9hdXRoX3VzZXJfaGFzaCI6ImUwMTQ3YTg0YTlhMmI2N2RlNDIyMzVlOWFkZWU2ZmQ1ZWRmNGQyOWUifQ==", "expire_date": "2015-07-06T15:15:17.773Z"}}, {"pk": "xcs2yrr8xytn268dsmsv6m4t0o9q7ncx", "model": "sessions.session", "fields": {"session_data": "MWJjMTZkNDY5ZTJlZjVmNTBlMGQyODQ4NTY2ZjFiMDIzZmIwNTcyZTp7Il9hdXRoX3VzZXJfYmFja2VuZCI6ImRqYW5nby5jb250cmliLmF1dGguYmFja2VuZHMuTW9kZWxCYWNrZW5kIiwiX2F1dGhfdXNlcl9pZCI6IjEiLCJfc2Vzc2lvbl9leHBpcnkiOjAsIl9hdXRoX3VzZXJfaGFzaCI6IjlkMDkzN2RmMGQxMDZhM2M1Y2VmODViMTRjODc0YmE2Yzk2NmZkYTgifQ==", "expire_date": "2015-07-11T00:51:39.785Z"}}, {"pk": "xd61c690x63t1kin1g7leph3bqjoejig", "model": "sessions.session", "fields": {"session_data": "MjBkMGYwYTJkMTc0NWE3Yjk2MmY1MTNmM2JmMDE5ODE4YjA5NmMyMTp7Il9hdXRoX3VzZXJfYmFja2VuZCI6ImRqYW5nby5jb250cmliLmF1dGguYmFja2VuZHMuTW9kZWxCYWNrZW5kIiwiX3Nlc3Npb25fZXhwaXJ5IjowLCJfYXV0aF91c2VyX2lkIjoiMSIsIl9hdXRoX3VzZXJfaGFzaCI6IjlkMDkzN2RmMGQxMDZhM2M1Y2VmODViMTRjODc0YmE2Yzk2NmZkYTgifQ==", "expire_date": "2015-07-13T04:39:12.940Z"}}, {"pk": "ytk3upudv2yzv71soxw14gcf4m7ln0vi", "model": "sessions.session", "fields": {"session_data": "MGExMGU3YzQ3ZDNmMWJhY2E3MGE5NGUyOGViYzA4NjYxMjY2N2Q0ZTp7Il9zZXNzaW9uX2V4cGlyeSI6MCwiX2F1dGhfdXNlcl9oYXNoIjoiOWQwOTM3ZGYwZDEwNmEzYzVjZWY4NWIxNGM4NzRiYTZjOTY2ZmRhOCIsIl9hdXRoX3VzZXJfYmFja2VuZCI6ImRqYW5nby5jb250cmliLmF1dGguYmFja2VuZHMuTW9kZWxCYWNrZW5kIiwiX2F1dGhfdXNlcl9pZCI6IjEifQ==", "expire_date": "2015-07-06T18:06:41.975Z"}}, {"pk": 1, "model": "sites.site", "fields": {"name": "example.com", "domain": "example.com"}}, {"pk": 1, "model": "account.emailconfirmation", "fields": {"sent": "2015-06-22T18:06:25.421Z", "created": "2015-06-22T18:06:25.344Z", "key": "rkr6tlastdzrzswfxm1mn2jsrapyrumlm3ue4luwfukfvbx3imofgyojr7umcjhd", "email_address": 1}}, {"pk": 2, "model": "account.emailconfirmation", "fields": {"sent": "2015-06-22T18:06:59.940Z", "created": "2015-06-22T18:06:59.916Z", "key": "kgxitc03gzlgkc1wqjxliv9phakwl5lyxbb9ycgf5aluwilsv3t5tlc6d3vdxh7p", "email_address": 2}}, {"pk": 3, "model": "account.emailconfirmation", "fields": {"sent": "2015-06-22T18:07:43.923Z", "created": "2015-06-22T18:07:43.906Z", "key": "tda0vhefltl2mfb0gozngwwooyeuuoo5ucmmljn3wiejdimzsge1abmggdelyb9j", "email_address": 3}}, {"pk": 1, "model": "taggit.tag", "fields": {"slug": "web-framework", "name": "web framework"}}, {"pk": 2, "model": "taggit.tag", "fields": {"slug": "web", "name": "web"}}, {"pk": 3, "model": "taggit.tag", "fields": {"slug": "python", "name": "python"}}, {"pk": 4, "model": "taggit.tag", "fields": {"slug": "diversity-statement", "name": "Diversity Statement"}}, {"pk": 5, "model": "taggit.tag", "fields": {"slug": "queer", "name": "queer"}}, {"pk": 6, "model": "taggit.tag", "fields": {"slug": "javascript", "name": "javascript"}}, {"pk": 7, "model": "taggit.tag", "fields": {"slug": "js", "name": "js"}}, {"pk": 8, "model": "taggit.tag", "fields": {"slug": "community-guidelines", "name": "community guidelines"}}, {"pk": 9, "model": "taggit.tag", "fields": {"slug": "unverified", "name": "unverified"}}, {"pk": 10, "model": "taggit.tag", "fields": {"slug": "test", "name": "test"}}, {"pk": 11, "model": "taggit.tag", "fields": {"slug": "trans", "name": "trans"}}, {"pk": 12, "model": "taggit.tag", "fields": {"slug": "poc", "name": "poc"}}, {"pk": 13, "model": "taggit.tag", "fields": {"slug": "hello", "name": "hello"}}, {"pk": 14, "model": "taggit.tag", "fields": {"slug": "", "name": "??"}}, {"pk": 15, "model": "taggit.tag", "fields": {"slug": "ruby", "name": "ruby"}}, {"pk": 16, "model": "taggit.tag", "fields": {"slug": "gems", "name": "gems"}}, {"pk": 17, "model": "taggit.tag", "fields": {"slug": "dvcs", "name": "DVCS"}}, {"pk": 18, "model": "taggit.tag", "fields": {"slug": "version-control", "name": "version control"}}, {"pk": 19, "model": "taggit.tag", "fields": {"slug": "git", "name": "git"}}, {"pk": 20, "model": "taggit.tag", "fields": {"slug": "social-coding", "name": "social coding"}}, {"pk": 21, "model": "taggit.tag", "fields": {"slug": "firefox", "name": "firefox"}}, {"pk": 22, "model": "taggit.tag", "fields": {"slug": "browsers", "name": "browsers"}}, {"pk": 4, "model": "taggit.taggeditem", "fields": {"object_id": 1, "content_type": 18, "tag": 4}}, {"pk": 5, "model": "taggit.taggeditem", "fields": {"object_id": 2, "content_type": 18, "tag": 5}}, {"pk": 52, "model": "taggit.taggeditem", "fields": {"object_id": 2, "content_type": 17, "tag": 2}}, {"pk": 53, "model": "taggit.taggeditem", "fields": {"object_id": 2, "content_type": 17, "tag": 6}}, {"pk": 54, "model": "taggit.taggeditem", "fields": {"object_id": 2, "content_type": 17, "tag": 7}}, {"pk": 55, "model": "taggit.taggeditem", "fields": {"object_id": 1, "content_type": 17, "tag": 1}}, {"pk": 56, "model": "taggit.taggeditem", "fields": {"object_id": 1, "content_type": 17, "tag": 2}}, {"pk": 57, "model": "taggit.taggeditem", "fields": {"object_id": 1, "content_type": 17, "tag": 3}}, {"pk": 58, "model": "taggit.taggeditem", "fields": {"object_id": 13, "content_type": 17, "tag": 2}}, {"pk": 59, "model": "taggit.taggeditem", "fields": {"object_id": 13, "content_type": 17, "tag": 6}}, {"pk": 60, "model": "taggit.taggeditem", "fields": {"object_id": 13, "content_type": 17, "tag": 7}}, {"pk": 61, "model": "taggit.taggeditem", "fields": {"object_id": 14, "content_type": 17, "tag": 16}}, {"pk": 62, "model": "taggit.taggeditem", "fields": {"object_id": 14, "content_type": 17, "tag": 15}}, {"pk": 63, "model": "taggit.taggeditem", "fields": {"object_id": 15, "content_type": 17, "tag": 17}}, {"pk": 64, "model": "taggit.taggeditem", "fields": {"object_id": 15, "content_type": 17, "tag": 18}}, {"pk": 65, "model": "taggit.taggeditem", "fields": {"object_id": 15, "content_type": 17, "tag": 19}}, {"pk": 66, "model": "taggit.taggeditem", "fields": {"object_id": 15, "content_type": 17, "tag": 20}}, {"pk": 67, "model": "taggit.taggeditem", "fields": {"object_id": 17, "content_type": 17, "tag": 2}}, {"pk": 68, "model": "taggit.taggeditem", "fields": {"object_id": 17, "content_type": 17, "tag": 21}}, {"pk": 69, "model": "taggit.taggeditem", "fields": {"object_id": 17, "content_type": 17, "tag": 22}}, {"pk": 1, "model": "reversion.version", "fields": {"serialized_data": "[{\"pk\": 1, \"fields\": {\"verified_by\": 1, \"homepage\": \"https://www.djangoproject.com/\", \"verified_date\": \"2015-06-22T18:22:41.102Z\", \"code_of_conduct\": \"https://www.djangoproject.com/conduct/\", \"name\": \"Django\", \"user\": 2, \"created_date\": \"2015-06-22T18:09:50.798Z\"}, \"model\": \"projects.project\"}]", "object_repr": "Django", "content_type": 17, "object_id": "1", "object_id_int": 1, "format": "json", "revision": 1}}, {"pk": 2, "model": "reversion.version", "fields": {"serialized_data": "[{\"pk\": 2, \"fields\": {\"verified_by\": 1, \"homepage\": \"http://emberjs.com/\", \"verified_date\": \"2015-06-22T18:17:38Z\", \"code_of_conduct\": \"http://emberjs.com/guidelines/\", \"name\": \"Emberjs\", \"user\": 2, \"created_date\": \"2015-06-22T18:17:36Z\"}, \"model\": \"projects.project\"}]", "object_repr": "Emberjs", "content_type": 17, "object_id": "2", "object_id_int": 2, "format": "json", "revision": 2}}, {"pk": 3, "model": "reversion.version", "fields": {"serialized_data": "[{\"pk\": 1, \"fields\": {\"verified_by\": 1, \"public_message\": \"Django released an awesome community Diversity Statement which inspired this whole thing.\", \"url\": \"https://www.djangoproject.com/diversity/\", \"is_contributor\": false, \"updated_date\": \"2015-06-22T18:10:08Z\", \"project\": 1, \"verified_date\": \"2015-06-22T18:10:10Z\", \"user\": 2, \"private_message\": \"Sample PM to moderators.\", \"created_date\": \"2015-06-22T18:10:08Z\"}, \"model\": \"projects.submission\"}]", "object_repr": "https://www.djangoproject.com/diversity/", "content_type": 18, "object_id": "1", "object_id_int": 1, "format": "json", "revision": 3}}, {"pk": 4, "model": "reversion.version", "fields": {"serialized_data": "[{\"pk\": 2, \"fields\": {\"verified_by\": 1, \"public_message\": \"\", \"url\": \"http://github.com/\", \"is_contributor\": true, \"updated_date\": \"2015-06-22T18:16:55Z\", \"project\": 1, \"verified_date\": \"2015-06-22T18:16:57Z\", \"user\": 2, \"private_message\": \"Sample queer contributor.\", \"created_date\": \"2015-06-22T18:16:55Z\"}, \"model\": \"projects.submission\"}]", "object_repr": "http://github.com/", "content_type": 18, "object_id": "2", "object_id_int": 2, "format": "json", "revision": 4}}, {"pk": 5, "model": "reversion.version", "fields": {"serialized_data": "[{\"pk\": 3, \"fields\": {\"verified_by\": 1, \"public_message\": \"Submit a pull request to the Emberjs code of conduct.\", \"url\": \"https://github.com/emberjs/website/blob/master/source/guidelines.html.erb\", \"is_contributor\": false, \"updated_date\": \"2015-06-22T18:18:26Z\", \"project\": 2, \"verified_date\": \"2015-06-22T18:18:27Z\", \"user\": 2, \"private_message\": \"\", \"created_date\": \"2015-06-22T18:18:26Z\"}, \"model\": \"projects.submission\"}]", "object_repr": "https://github.com/emberjs/website/blob/master/source/guidelines.html.erb", "content_type": 18, "object_id": "3", "object_id_int": 3, "format": "json", "revision": 5}}, {"pk": 6, "model": "reversion.version", "fields": {"serialized_data": "[{\"pk\": 2, \"fields\": {\"name\": \"Emberjs\", \"user\": 2, \"code_of_conduct\": \"http://emberjs.com/guidelines/\", \"verified_by\": 1, \"created_date\": \"2015-06-22T14:17:36-04:00\", \"verified_date\": \"2015-06-22T14:17:38-04:00\", \"homepage\": \"http://emberjs.com/test\"}, \"model\": \"projects.project\"}]", "object_repr": "Emberjs", "content_type": 17, "object_id": "2", "object_id_int": 2, "format": "json", "revision": 6}}, {"pk": 7, "model": "reversion.version", "fields": {"serialized_data": "[{\"pk\": 2, \"fields\": {\"name\": \"Emberjs\", \"user\": 2, \"code_of_conduct\": \"http://emberjs.com/guidelines/\", \"verified_by\": 1, \"created_date\": \"2015-06-22T14:17:36-04:00\", \"verified_date\": \"2015-06-22T14:17:38-04:00\", \"homepage\": \"http://emberjs.com/\"}, \"model\": \"projects.project\"}]", "object_repr": "Emberjs", "content_type": 17, "object_id": "2", "object_id_int": 2, "format": "json", "revision": 7}}, {"pk": 8, "model": "reversion.version", "fields": {"serialized_data": "[{\"pk\": 2, \"fields\": {\"name\": \"Emberjs\", \"user\": 2, \"code_of_conduct\": \"http://emberjs.com/guidelines/\", \"verified_by\": 1, \"created_date\": \"2015-06-22T14:17:36-04:00\", \"verified_date\": \"2015-06-22T14:17:38-04:00\", \"homepage\": \"http://emberjs.com/test\"}, \"model\": \"projects.project\"}]", "object_repr": "Emberjs", "content_type": 17, "object_id": "2", "object_id_int": 2, "format": "json", "revision": 8}}, {"pk": 9, "model": "reversion.version", "fields": {"serialized_data": "[{\"model\": \"projects.project\", \"fields\": {\"code_of_conduct\": \"http://emberjs.com/guidelines/\", \"name\": \"Emberjs test 2 foo\", \"verified_date\": \"2015-06-22T18:17:38Z\", \"homepage\": \"http://emberjs.com/test\", \"created_date\": \"2015-06-22T18:17:36Z\", \"user\": 2, \"verified_by\": 1}, \"pk\": 2}]", "object_repr": "Emberjs test 2 foo", "content_type": 17, "object_id": "2", "object_id_int": 2, "format": "json", "revision": 9}}, {"pk": 10, "model": "reversion.version", "fields": {"serialized_data": "[{\"model\": \"projects.project\", \"pk\": 2, \"fields\": {\"user\": 2, \"name\": \"Emberjs test 2 foo\", \"verified_by\": 1, \"code_of_conduct\": \"http://emberjs.com/guidelines/\", \"homepage\": \"http://emberjs.com/test\", \"created_date\": \"2015-06-22T18:17:36Z\", \"verified_date\": \"2015-06-22T18:17:38Z\"}}]", "object_repr": "Emberjs test 2 foo", "content_type": 17, "object_id": "2", "object_id_int": 2, "format": "json", "revision": 10}}, {"pk": 11, "model": "reversion.version", "fields": {"serialized_data": "[{\"model\": \"projects.project\", \"pk\": 2, \"fields\": {\"user\": 2, \"name\": \"Emberjs\", \"verified_by\": 1, \"code_of_conduct\": \"http://emberjs.com/guidelines/\", \"homepage\": \"http://emberjs.com/test\", \"created_date\": \"2015-06-22T14:17:36-04:00\", \"verified_date\": \"2015-06-22T14:17:38-04:00\"}}]", "object_repr": "Emberjs", "content_type": 17, "object_id": "2", "object_id_int": 2, "format": "json", "revision": 11}}, {"pk": 12, "model": "reversion.version", "fields": {"serialized_data": "[{\"model\": \"projects.project\", \"pk\": 2, \"fields\": {\"created_date\": \"2015-06-22T18:17:36Z\", \"code_of_conduct\": \"http://emberjs.com/guidelines/\", \"homepage\": \"http://emberjs.com/test\", \"name\": \"Emberjs foo\", \"verified_date\": \"2015-06-22T18:17:38Z\", \"user\": 2, \"verified_by\": 1}}]", "object_repr": "Emberjs foo", "content_type": 17, "object_id": "2", "object_id_int": 2, "format": "json", "revision": 12}}, {"pk": 13, "model": "reversion.version", "fields": {"serialized_data": "[{\"model\": \"projects.project\", \"pk\": 2, \"fields\": {\"created_date\": \"2015-06-22T14:17:36-04:00\", \"code_of_conduct\": \"http://emberjs.com/guidelines/\", \"homepage\": \"http://emberjs.com/test\", \"name\": \"Emberjs foo\", \"verified_date\": \"2015-06-22T14:17:38-04:00\", \"user\": 2, \"verified_by\": 1}}]", "object_repr": "Emberjs foo", "content_type": 17, "object_id": "2", "object_id_int": 2, "format": "json", "revision": 13}}, {"pk": 14, "model": "reversion.version", "fields": {"serialized_data": "[{\"fields\": {\"name\": \"Testing?\", \"code_of_conduct\": \"http://what.com/coc\", \"verified_date\": null, \"verified_by\": null, \"homepage\": \"http://what.com\", \"created_date\": \"2015-06-28T17:04:33-04:00\", \"user\": 2}, \"pk\": 9, \"model\": \"projects.project\"}]", "object_repr": "Testing?", "content_type": 17, "object_id": "9", "object_id_int": 9, "format": "json", "revision": 14}}, {"pk": 15, "model": "reversion.version", "fields": {"serialized_data": "[{\"fields\": {\"homepage\": \"http://what.com\", \"verified_by\": null, \"name\": \"Testing?\", \"code_of_conduct\": \"http://what.com/coc\", \"verified_date\": null, \"user\": 2, \"created_date\": \"2015-06-28T21:04:33Z\"}, \"model\": \"projects.project\", \"pk\": 9}]", "object_repr": "Testing?", "content_type": 17, "object_id": "9", "object_id_int": 9, "format": "json", "revision": 15}}, {"pk": 16, "model": "reversion.version", "fields": {"serialized_data": "[{\"pk\": 1, \"fields\": {\"verified_date\": \"2015-06-27T00:37:19.555Z\", \"homepage\": \"https://www.djangoproject.com/\", \"code_of_conduct\": \"https://www.djangoproject.com/conduct/\", \"verified_by\": 1, \"name\": \"DjangoDjangoDjangoDjangoDjangoDjangoDjangoDjangoDjangoDjangoDjangoDjango\", \"created_date\": \"2015-06-22T18:09:50.798Z\", \"user\": 2}, \"model\": \"projects.project\"}]", "object_repr": "DjangoDjangoDjangoDjangoDjangoDjangoDjangoDjangoDjangoDjangoDjangoDjango", "content_type": 17, "object_id": "1", "object_id_int": 1, "format": "json", "revision": 16}}, {"pk": 17, "model": "reversion.version", "fields": {"serialized_data": "[{\"fields\": {\"created_date\": \"2015-06-22T18:17:36Z\", \"user\": 2, \"verified_date\": \"2015-06-27T00:24:53.893Z\", \"name\": \"Emberjs\", \"verified_by\": 1, \"code_of_conduct\": \"http://emberjs.com/guidelines/\", \"homepage\": \"http://emberjs.com/test\"}, \"pk\": 2, \"model\": \"projects.project\"}]", "object_repr": "Emberjs", "content_type": 17, "object_id": "2", "object_id_int": 2, "format": "json", "revision": 17}}, {"pk": 18, "model": "reversion.version", "fields": {"serialized_data": "[{\"fields\": {\"created_date\": \"2015-06-22T18:09:50.798Z\", \"user\": 2, \"verified_date\": \"2015-06-27T00:37:19.555Z\", \"name\": \"Django\", \"verified_by\": 1, \"code_of_conduct\": \"https://www.djangoproject.com/conduct/\", \"homepage\": \"https://www.djangoproject.com/\"}, \"pk\": 1, \"model\": \"projects.project\"}]", "object_repr": "Django", "content_type": 17, "object_id": "1", "object_id_int": 1, "format": "json", "revision": 18}}, {"pk": 1, "model": "auth.permission", "fields": {"content_type": 1, "codename": "add_profile", "name": "Can add profile"}}, {"pk": 2, "model": "auth.permission", "fields": {"content_type": 1, "codename": "change_profile", "name": "Can change profile"}}, {"pk": 3, "model": "auth.permission", "fields": {"content_type": 1, "codename": "delete_profile", "name": "Can delete profile"}}, {"pk": 4, "model": "auth.permission", "fields": {"content_type": 2, "codename": "add_report", "name": "Can add report"}}, {"pk": 5, "model": "auth.permission", "fields": {"content_type": 2, "codename": "change_report", "name": "Can change report"}}, {"pk": 6, "model": "auth.permission", "fields": {"content_type": 2, "codename": "delete_report", "name": "Can delete report"}}, {"pk": 7, "model": "auth.permission", "fields": {"content_type": 3, "codename": "add_logentry", "name": "Can add log entry"}}, {"pk": 8, "model": "auth.permission", "fields": {"content_type": 3, "codename": "change_logentry", "name": "Can change log entry"}}, {"pk": 9, "model": "auth.permission", "fields": {"content_type": 3, "codename": "delete_logentry", "name": "Can delete log entry"}}, {"pk": 10, "model": "auth.permission", "fields": {"content_type": 4, "codename": "add_permission", "name": "Can add permission"}}, {"pk": 11, "model": "auth.permission", "fields": {"content_type": 4, "codename": "change_permission", "name": "Can change permission"}}, {"pk": 12, "model": "auth.permission", "fields": {"content_type": 4, "codename": "delete_permission", "name": "Can delete permission"}}, {"pk": 13, "model": "auth.permission", "fields": {"content_type": 5, "codename": "add_group", "name": "Can add group"}}, {"pk": 14, "model": "auth.permission", "fields": {"content_type": 5, "codename": "change_group", "name": "Can change group"}}, {"pk": 15, "model": "auth.permission", "fields": {"content_type": 5, "codename": "delete_group", "name": "Can delete group"}}, {"pk": 16, "model": "auth.permission", "fields": {"content_type": 6, "codename": "add_contenttype", "name": "Can add content type"}}, {"pk": 17, "model": "auth.permission", "fields": {"content_type": 6, "codename": "change_contenttype", "name": "Can change content type"}}, {"pk": 18, "model": "auth.permission", "fields": {"content_type": 6, "codename": "delete_contenttype", "name": "Can delete content type"}}, {"pk": 19, "model": "auth.permission", "fields": {"content_type": 7, "codename": "add_session", "name": "Can add session"}}, {"pk": 20, "model": "auth.permission", "fields": {"content_type": 7, "codename": "change_session", "name": "Can change session"}}, {"pk": 21, "model": "auth.permission", "fields": {"content_type": 7, "codename": "delete_session", "name": "Can delete session"}}, {"pk": 22, "model": "auth.permission", "fields": {"content_type": 8, "codename": "add_site", "name": "Can add site"}}, {"pk": 23, "model": "auth.permission", "fields": {"content_type": 8, "codename": "change_site", "name": "Can change site"}}, {"pk": 24, "model": "auth.permission", "fields": {"content_type": 8, "codename": "delete_site", "name": "Can delete site"}}, {"pk": 25, "model": "auth.permission", "fields": {"content_type": 9, "codename": "add_emailaddress", "name": "Can add email address"}}, {"pk": 26, "model": "auth.permission", "fields": {"content_type": 9, "codename": "change_emailaddress", "name": "Can change email address"}}, {"pk": 27, "model": "auth.permission", "fields": {"content_type": 9, "codename": "delete_emailaddress", "name": "Can delete email address"}}, {"pk": 28, "model": "auth.permission", "fields": {"content_type": 10, "codename": "add_emailconfirmation", "name": "Can add email confirmation"}}, {"pk": 29, "model": "auth.permission", "fields": {"content_type": 10, "codename": "change_emailconfirmation", "name": "Can change email confirmation"}}, {"pk": 30, "model": "auth.permission", "fields": {"content_type": 10, "codename": "delete_emailconfirmation", "name": "Can delete email confirmation"}}, {"pk": 31, "model": "auth.permission", "fields": {"content_type": 11, "codename": "add_socialapp", "name": "Can add social application"}}, {"pk": 32, "model": "auth.permission", "fields": {"content_type": 11, "codename": "change_socialapp", "name": "Can change social application"}}, {"pk": 33, "model": "auth.permission", "fields": {"content_type": 11, "codename": "delete_socialapp", "name": "Can delete social application"}}, {"pk": 34, "model": "auth.permission", "fields": {"content_type": 12, "codename": "add_socialaccount", "name": "Can add social account"}}, {"pk": 35, "model": "auth.permission", "fields": {"content_type": 12, "codename": "change_socialaccount", "name": "Can change social account"}}, {"pk": 36, "model": "auth.permission", "fields": {"content_type": 12, "codename": "delete_socialaccount", "name": "Can delete social account"}}, {"pk": 37, "model": "auth.permission", "fields": {"content_type": 13, "codename": "add_socialtoken", "name": "Can add social application token"}}, {"pk": 38, "model": "auth.permission", "fields": {"content_type": 13, "codename": "change_socialtoken", "name": "Can change social application token"}}, {"pk": 39, "model": "auth.permission", "fields": {"content_type": 13, "codename": "delete_socialtoken", "name": "Can delete social application token"}}, {"pk": 40, "model": "auth.permission", "fields": {"content_type": 14, "codename": "add_tag", "name": "Can add Tag"}}, {"pk": 41, "model": "auth.permission", "fields": {"content_type": 14, "codename": "change_tag", "name": "Can change Tag"}}, {"pk": 42, "model": "auth.permission", "fields": {"content_type": 14, "codename": "delete_tag", "name": "Can delete Tag"}}, {"pk": 43, "model": "auth.permission", "fields": {"content_type": 15, "codename": "add_taggeditem", "name": "Can add Tagged Item"}}, {"pk": 44, "model": "auth.permission", "fields": {"content_type": 15, "codename": "change_taggeditem", "name": "Can change Tagged Item"}}, {"pk": 45, "model": "auth.permission", "fields": {"content_type": 15, "codename": "delete_taggeditem", "name": "Can delete Tagged Item"}}, {"pk": 46, "model": "auth.permission", "fields": {"content_type": 16, "codename": "add_vouch", "name": "Can add vouch"}}, {"pk": 47, "model": "auth.permission", "fields": {"content_type": 16, "codename": "change_vouch", "name": "Can change vouch"}}, {"pk": 48, "model": "auth.permission", "fields": {"content_type": 16, "codename": "delete_vouch", "name": "Can delete vouch"}}, {"pk": 49, "model": "auth.permission", "fields": {"content_type": 17, "codename": "add_project", "name": "Can add project"}}, {"pk": 50, "model": "auth.permission", "fields": {"content_type": 17, "codename": "change_project", "name": "Can change project"}}, {"pk": 51, "model": "auth.permission", "fields": {"content_type": 17, "codename": "delete_project", "name": "Can delete project"}}, {"pk": 52, "model": "auth.permission", "fields": {"content_type": 18, "codename": "add_submission", "name": "Can add submission"}}, {"pk": 53, "model": "auth.permission", "fields": {"content_type": 18, "codename": "change_submission", "name": "Can change submission"}}, {"pk": 54, "model": "auth.permission", "fields": {"content_type": 18, "codename": "delete_submission", "name": "Can delete submission"}}, {"pk": 55, "model": "auth.permission", "fields": {"content_type": 19, "codename": "add_revision", "name": "Can add revision"}}, {"pk": 56, "model": "auth.permission", "fields": {"content_type": 19, "codename": "change_revision", "name": "Can change revision"}}, {"pk": 57, "model": "auth.permission", "fields": {"content_type": 19, "codename": "delete_revision", "name": "Can delete revision"}}, {"pk": 58, "model": "auth.permission", "fields": {"content_type": 20, "codename": "add_version", "name": "Can add version"}}, {"pk": 59, "model": "auth.permission", "fields": {"content_type": 20, "codename": "change_version", "name": "Can change version"}}, {"pk": 60, "model": "auth.permission", "fields": {"content_type": 20, "codename": "delete_version", "name": "Can delete version"}}, {"pk": 1, "model": "profiles.profile", "fields": {"date_joined": "2015-06-22T18:05:39.475Z", "groups": [], "is_superuser": true, "user_permissions": [], "password": "pbkdf2_sha256$20000$Rsq7J0Zyu4dm$ETvHv/VPFusCvuT9HAJxZRzlxd5ZBtEixpfU1VofAyg=", "public_name": "Sample Admin", "is_active": true, "last_login": "2015-06-29T04:39:12.937Z", "email": "test@admin.com", "is_staff": true, "profile_slug": "sample_admin"}}, {"pk": 2, "model": "profiles.profile", "fields": {"date_joined": "2015-06-22T18:06:59.882Z", "groups": [], "is_superuser": false, "user_permissions": [], "password": "pbkdf2_sha256$20000$ooJt9bw3uN9k$OeFXvODX2dkF8y1UAh+oEpx8TFp5Wi+1pkGmU6FBq3k=", "public_name": "Sample Verified User", "is_active": true, "last_login": "2015-06-29T04:38:09.389Z", "email": "test@verified.com", "is_staff": false, "profile_slug": "sample_verified_user"}}, {"pk": 3, "model": "profiles.profile", "fields": {"date_joined": "2015-06-22T18:07:43.872Z", "groups": [], "is_superuser": false, "user_permissions": [], "password": "pbkdf2_sha256$20000$zTgoKuKNTxyV$7rK7vOu5K6OIdatDyz9R8OhkIV3UafonnibohBiEDDg=", "public_name": null, "is_active": true, "last_login": null, "email": "test@unverified.com", "is_staff": false, "profile_slug": null}}, {"pk": 1, "model": "reports.report", "fields": {"message": "Sample report.", "resolved": false, "object_id": 1, "content_type": 17, "visible_to_owner": false, "user": 2, "created_date": "2015-06-22T18:22:01Z"}}, {"pk": 2, "model": "reports.report", "fields": {"message": "Sample resolved report.", "resolved": true, "object_id": 1, "content_type": 17, "visible_to_owner": false, "user": 2, "created_date": "2015-06-22T18:22:17Z"}}, {"pk": 7, "model": "reports.report", "fields": {"message": "The Federation's gone; the Borg is everywhere! When has justice ever been as simple as a rule book?", "resolved": false, "object_id": 2, "content_type": 17, "visible_to_owner": true, "user": 1, "created_date": "2015-06-27T04:10:02.506Z"}}, {"pk": 18, "model": "reports.report", "fields": {"message": "I can't. As much as I care about you, my first duty is to the ship. Now, how the hell do we defeat an enemy that knows us better than we know ourselves?", "resolved": false, "object_id": 2, "content_type": 17, "visible_to_owner": true, "user": 2, "created_date": "2015-06-29T04:38:40.482Z"}}, {"pk": 19, "model": "reports.report", "fields": {"message": "And blowing into maximum warp speed, you appeared for an instant to be in two places at once.", "resolved": true, "object_id": 2, "content_type": 17, "visible_to_owner": false, "user": 2, "created_date": "2015-06-29T04:39:02.576Z"}}, {"pk": 1, "model": "admin.logentry", "fields": {"object_repr": "https://www.djangoproject.com/diversity/", "change_message": "", "action_time": "2015-06-22T18:10:48.695Z", "object_id": "1", "content_type": 18, "user": 1, "action_flag": 1}}, {"pk": 2, "model": "admin.logentry", "fields": {"object_repr": "http://github.com/", "change_message": "", "action_time": "2015-06-22T18:17:28.433Z", "object_id": "2", "content_type": 18, "user": 1, "action_flag": 1}}, {"pk": 3, "model": "admin.logentry", "fields": {"object_repr": "Emberjs", "change_message": "", "action_time": "2015-06-22T18:18:07.935Z", "object_id": "2", "content_type": 17, "user": 1, "action_flag": 1}}, {"pk": 4, "model": "admin.logentry", "fields": {"object_repr": "https://github.com/emberjs/website/blob/master/source/guidelines.html.erb", "change_message": "", "action_time": "2015-06-22T18:20:20.353Z", "object_id": "3", "content_type": 18, "user": 1, "action_flag": 1}}, {"pk": 5, "model": "admin.logentry", "fields": {"object_repr": "Vouch object", "change_message": "", "action_time": "2015-06-22T18:21:12.666Z", "object_id": "1", "content_type": 16, "user": 1, "action_flag": 1}}, {"pk": 6, "model": "admin.logentry", "fields": {"object_repr": "Vouch object", "change_message": "", "action_time": "2015-06-22T18:21:19.024Z", "object_id": "2", "content_type": 16, "user": 1, "action_flag": 1}}, {"pk": 7, "model": "admin.logentry", "fields": {"object_repr": "Vouch object", "change_message": "", "action_time": "2015-06-22T18:21:50.164Z", "object_id": "3", "content_type": 16, "user": 1, "action_flag": 1}}, {"pk": 8, "model": "admin.logentry", "fields": {"object_repr": "Report object", "change_message": "", "action_time": "2015-06-22T18:22:15.527Z", "object_id": "1", "content_type": 2, "user": 1, "action_flag": 1}}, {"pk": 9, "model": "admin.logentry", "fields": {"object_repr": "Report object", "change_message": "", "action_time": "2015-06-22T18:22:26.980Z", "object_id": "2", "content_type": 2, "user": 1, "action_flag": 1}}, {"pk": 10, "model": "admin.logentry", "fields": {"object_repr": "Sample Unverified Project", "change_message": "", "action_time": "2015-06-22T18:23:17.178Z", "object_id": "3", "content_type": 17, "user": 1, "action_flag": 1}}, {"pk": 11, "model": "admin.logentry", "fields": {"object_repr": "Emberjs", "change_message": "Changed homepage and tags.", "action_time": "2015-06-26T19:46:04.258Z", "object_id": "2", "content_type": 17, "user": 1, "action_flag": 2}}, {"pk": 12, "model": "admin.logentry", "fields": {"object_repr": "Emberjs", "change_message": "Reverted to previous version, saved on June 26, 2015, 7:45 p.m.", "action_time": "2015-06-26T19:46:19.726Z", "object_id": "2", "content_type": 17, "user": 1, "action_flag": 2}}, {"pk": 13, "model": "admin.logentry", "fields": {"object_repr": "Emberjs", "change_message": "Reverted to previous version, saved on June 26, 2015, 7:46 p.m.", "action_time": "2015-06-26T19:46:37.058Z", "object_id": "2", "content_type": 17, "user": 1, "action_flag": 2}}, {"pk": 14, "model": "admin.logentry", "fields": {"object_repr": "Emberjs", "change_message": "Reverted to previous version, saved on June 26, 2015, 7:46 p.m.", "action_time": "2015-06-26T20:55:18.889Z", "object_id": "2", "content_type": 17, "user": 1, "action_flag": 2}}, {"pk": 15, "model": "admin.logentry", "fields": {"object_repr": "Emberjs foo", "change_message": "Reverted to previous version, saved on June 26, 2015, 8:56 p.m.", "action_time": "2015-06-26T20:57:32.794Z", "object_id": "2", "content_type": 17, "user": 1, "action_flag": 2}}, {"pk": 16, "model": "admin.logentry", "fields": {"object_repr": "Testing?", "change_message": "Changed tags.", "action_time": "2015-06-28T21:05:42.307Z", "object_id": "9", "content_type": 17, "user": 1, "action_flag": 2}}, {"pk": 17, "model": "admin.logentry", "fields": {"object_repr": "hi", "change_message": "", "action_time": "2015-06-28T23:27:56.684Z", "object_id": "11", "content_type": 17, "user": 1, "action_flag": 3}}, {"pk": 18, "model": "admin.logentry", "fields": {"object_repr": "test2@verified.com", "change_message": "", "action_time": "2015-06-29T04:37:19.259Z", "object_id": "4", "content_type": 1, "user": 1, "action_flag": 3}}, {"pk": 19, "model": "admin.logentry", "fields": {"object_repr": "test", "change_message": "", "action_time": "2015-06-29T04:37:37.865Z", "object_id": "12", "content_type": 17, "user": 1, "action_flag": 3}}, {"pk": 20, "model": "admin.logentry", "fields": {"object_repr": "http://test.com", "change_message": "", "action_time": "2015-06-29T04:40:20.374Z", "object_id": "8", "content_type": 18, "user": 1, "action_flag": 3}}, {"pk": 21, "model": "admin.logentry", "fields": {"object_repr": "http://hello.com", "change_message": "", "action_time": "2015-06-29T04:40:20.376Z", "object_id": "7", "content_type": 18, "user": 1, "action_flag": 3}}, {"pk": 1, "model": "account.emailaddress", "fields": {"primary": true, "email": "test@admin.com", "user": 1, "verified": true}}, {"pk": 2, "model": "account.emailaddress", "fields": {"primary": true, "email": "test@verified.com", "user": 2, "verified": true}}, {"pk": 3, "model": "account.emailaddress", "fields": {"primary": true, "email": "test@unverified.com", "user": 3, "verified": false}}, {"pk": 3, "model": "projects.vouch", "fields": {"object_id": 1, "content_type": 18, "user": 1, "created_date": "2015-06-22T18:21:22Z"}}, {"pk": 4, "model": "projects.vouch", "fields": {"object_id": 1, "content_type": 17, "user": 2, "created_date": "2015-06-25T03:40:11.291Z"}}, {"pk": 11, "model": "projects.vouch", "fields": {"object_id": 2, "content_type": 17, "user": 1, "created_date": "2015-06-26T22:08:41.045Z"}}, {"pk": 12, "model": "projects.vouch", "fields": {"object_id": 1, "content_type": 17, "user": 1, "created_date": "2015-06-27T00:37:15.395Z"}}, {"pk": 16, "model": "projects.vouch", "fields": {"object_id": 17, "content_type": 17, "user": 2, "created_date": "2015-06-29T04:45:23.176Z"}}, {"pk": 1, "model": "projects.project", "fields": {"homepage": "https://www.djangoproject.com/", "verified_by": 1, "verified_date": "2015-06-27T00:37:19.555Z", "code_of_conduct": "https://www.djangoproject.com/conduct/", "name": "Django", "user": 2, "created_date": "2015-06-22T18:09:50.798Z"}}, {"pk": 2, "model": "projects.project", "fields": {"homepage": "http://emberjs.com/test", "verified_by": 1, "verified_date": "2015-06-27T00:24:53.893Z", "code_of_conduct": "http://emberjs.com/guidelines/", "name": "Emberjs", "user": 2, "created_date": "2015-06-22T18:17:36Z"}}, {"pk": 13, "model": "projects.project", "fields": {"homepage": "https://angularjs.org/", "verified_by": 1, "verified_date": "2015-06-29T04:45:50.451Z", "code_of_conduct": "https://github.com/angular/code-of-conduct", "name": "AngularJS", "user": 2, "created_date": "2015-06-29T04:42:30.109Z"}}, {"pk": 14, "model": "projects.project", "fields": {"homepage": "http://bundler.io/", "verified_by": null, "verified_date": null, "code_of_conduct": "https://github.com/bundler/bundler/blob/master/CODE_OF_CONDUCT.md", "name": "Bundler", "user": 2, "created_date": "2015-06-29T04:42:54.172Z"}}, {"pk": 15, "model": "projects.project", "fields": {"homepage": "https://gitlab.com/", "verified_by": null, "verified_date": null, "code_of_conduct": "https://gitlab.com/gitlab-org/gitlab-ce/blob/master/CONTRIBUTING.md", "name": "GitLab", "user": 2, "created_date": "2015-06-29T04:43:44.736Z"}}, {"pk": 16, "model": "projects.project", "fields": {"homepage": "", "verified_by": null, "verified_date": null, "code_of_conduct": "", "name": "Test Project", "user": 2, "created_date": "2015-06-29T04:43:59.970Z"}}, {"pk": 17, "model": "projects.project", "fields": {"homepage": "https://www.mozilla.org", "verified_by": 1, "verified_date": "2015-06-29T04:45:59.081Z", "code_of_conduct": "https://www.mozilla.org/en-US/about/governance/policies/participation/", "name": "Mozilla", "user": 2, "created_date": "2015-06-29T04:45:19.710Z"}}, {"pk": 1, "model": "projects.submission", "fields": {"public_message": "Django released an awesome community Diversity Statement which inspired this whole thing.", "verified_by": 1, "verified_date": "2015-06-22T18:10:10Z", "url": "https://www.djangoproject.com/diversity/", "is_contributor": false, "created_date": "2015-06-22T18:10:08Z", "user": 2, "project": 1, "updated_date": "2015-06-22T18:10:08Z", "private_message": "Sample PM to moderators."}}, {"pk": 2, "model": "projects.submission", "fields": {"public_message": "", "verified_by": 1, "verified_date": "2015-06-22T18:16:57Z", "url": "http://github.com/", "is_contributor": true, "created_date": "2015-06-22T18:16:55Z", "user": 2, "project": 1, "updated_date": "2015-06-22T18:16:55Z", "private_message": "Sample queer contributor."}}, {"pk": 1, "model": "reversion.revision", "fields": {"manager_slug": "default", "user": null, "date_created": "2015-06-26T19:45:36.254Z", "comment": "Initial version."}}, {"pk": 2, "model": "reversion.revision", "fields": {"manager_slug": "default", "user": null, "date_created": "2015-06-26T19:45:36.257Z", "comment": "Initial version."}}, {"pk": 3, "model": "reversion.revision", "fields": {"manager_slug": "default", "user": null, "date_created": "2015-06-26T19:45:36.263Z", "comment": "Initial version."}}, {"pk": 4, "model": "reversion.revision", "fields": {"manager_slug": "default", "user": null, "date_created": "2015-06-26T19:45:36.265Z", "comment": "Initial version."}}, {"pk": 5, "model": "reversion.revision", "fields": {"manager_slug": "default", "user": null, "date_created": "2015-06-26T19:45:36.267Z", "comment": "Initial version."}}, {"pk": 6, "model": "reversion.revision", "fields": {"manager_slug": "default", "user": 1, "date_created": "2015-06-26T19:46:04.290Z", "comment": "Changed homepage and tags."}}, {"pk": 7, "model": "reversion.revision", "fields": {"manager_slug": "default", "user": 1, "date_created": "2015-06-26T19:46:19.728Z", "comment": "Reverted to previous version, saved on June 26, 2015, 7:45 p.m."}}, {"pk": 8, "model": "reversion.revision", "fields": {"manager_slug": "default", "user": 1, "date_created": "2015-06-26T19:46:37.059Z", "comment": "Reverted to previous version, saved on June 26, 2015, 7:46 p.m."}}, {"pk": 9, "model": "reversion.revision", "fields": {"manager_slug": "default", "user": null, "date_created": "2015-06-26T20:52:48.892Z", "comment": ""}}, {"pk": 10, "model": "reversion.revision", "fields": {"manager_slug": "default", "user": null, "date_created": "2015-06-26T20:55:02.610Z", "comment": ""}}, {"pk": 11, "model": "reversion.revision", "fields": {"manager_slug": "default", "user": 1, "date_created": "2015-06-26T20:55:18.890Z", "comment": "Reverted to previous version, saved on June 26, 2015, 7:46 p.m."}}, {"pk": 12, "model": "reversion.revision", "fields": {"manager_slug": "default", "user": null, "date_created": "2015-06-26T20:56:44.039Z", "comment": ""}}, {"pk": 13, "model": "reversion.revision", "fields": {"manager_slug": "default", "user": 1, "date_created": "2015-06-26T20:57:32.795Z", "comment": "Reverted to previous version, saved on June 26, 2015, 8:56 p.m."}}, {"pk": 14, "model": "reversion.revision", "fields": {"manager_slug": "default", "user": 1, "date_created": "2015-06-28T21:05:42.340Z", "comment": "Changed tags."}}, {"pk": 15, "model": "reversion.revision", "fields": {"manager_slug": "default", "user": null, "date_created": "2015-06-28T21:11:27.970Z", "comment": ""}}, {"pk": 16, "model": "reversion.revision", "fields": {"manager_slug": "default", "user": null, "date_created": "2015-06-28T23:37:20.063Z", "comment": ""}}, {"pk": 17, "model": "reversion.revision", "fields": {"manager_slug": "default", "user": null, "date_created": "2015-06-29T04:37:50.011Z", "comment": ""}}, {"pk": 18, "model": "reversion.revision", "fields": {"manager_slug": "default", "user": null, "date_created": "2015-06-29T04:40:35.551Z", "comment": ""}}]